id,first_name,last_name,email,gender,ip_address
1,Laurie,Pritchard,lpritchard0@soundcloud.com,Male,56.174.38.200
2,Janice,Goding,jgoding1@cam.ac.uk,Female,255.50.123.28
3,Thorstein,Rubinovici,trubinovici2@fastcompany.com,Male,38.226.145.23
4,Westleigh,Huddle,whuddle3@house.gov,Male,61.11.195.107
5,Friedrich,Redrup,fredrup4@amazon.co.jp,Male,93.51.20.145
6,Kristina,Blencoe,kblencoe5@cargocollective.com,Female,219.237.74.222
7,Dorette,Frayn,dfrayn6@posterous.com,Female,248.57.28.157
8,Adrian,Oleksinski,aoleksinski7@csmonitor.com,Female,6.103.118.16
9,Chloe,Wordesworth,cwordesworth8@last.fm,Female,98.88.172.177
10,Letizia,Clynmans,lclynmans9@state.gov,Female,243.7.147.44
11,Remy,Driscoll,rdriscolla@cafepress.com,Female,57.141.134.71
12,Celina,Hansell,chansellb@wp.com,Female,113.16.217.45
13,Bennie,Bunney,bbunneyc@princeton.edu,Female,16.192.62.103
14,Lucienne,Drew,ldrewd@cnet.com,Female,141.60.240.37
15,Artie,Godman,agodmane@disqus.com,Male,181.71.173.24
16,Charleen,McIllrick,cmcillrickf@xrea.com,Female,60.213.16.41
17,Jermaine,Fleet,jfleetg@house.gov,Female,179.174.9.50
18,Reggy,McClarence,rmcclarenceh@arizona.edu,Male,81.53.4.240
19,Benedikta,Masham,bmashami@disqus.com,Female,0.22.154.41
20,Ashely,Dursley,adursleyj@ycombinator.com,Female,235.37.152.33
21,Ryan,Stuehmeier,rstuehmeierk@disqus.com,Male,208.0.117.142
22,Teresa,Gerg,tgergl@accuweather.com,Female,205.99.143.89
23,Darda,Blum,dblumm@china.com.cn,Female,226.210.238.170
24,Salomo,Wooldridge,swooldridgen@biblegateway.com,Male,66.19.73.28
25,Konrad,Haining,khainingo@europa.eu,Male,11.36.49.44
26,Angie,Harewood,aharewoodp@freewebs.com,Female,94.119.93.123
27,Prentiss,Piperley,ppiperleyq@flavors.me,Male,217.39.137.177
28,Jaclin,Ready,jreadyr@weibo.com,Female,39.231.15.133
29,Jimmie,Saiger,jsaigers@nyu.edu,Male,135.194.195.58
30,Bryanty,Pottinger,bpottingert@whitehouse.gov,Male,160.216.159.197
31,Monah,Werlock,mwerlocku@economist.com,Female,150.141.62.71
32,Leda,Gluyas,lgluyasv@umn.edu,Female,63.214.248.140
33,Ursuline,Pinnegar,upinnegarw@sakura.ne.jp,Female,116.251.79.212
34,Zach,Cater,zcaterx@google.de,Male,87.205.134.139
35,Daniela,Field,dfieldy@purevolume.com,Female,72.13.125.241
36,Alyson,Ouver,aouverz@webnode.com,Female,149.248.199.124
37,Merline,Bratten,mbratten10@google.nl,Female,15.64.211.95
38,Cassey,Dutch,cdutch11@cam.ac.uk,Female,36.160.205.245
39,Evelin,Shilburne,eshilburne12@ifeng.com,Male,161.221.50.71
40,Rolf,Jakeway,rjakeway13@rakuten.co.jp,Male,121.248.231.215
41,Darryl,Coronas,dcoronas14@dot.gov,Male,49.166.136.121
42,Ellene,Mayze,emayze15@sina.com.cn,Female,90.244.17.157
43,Bayard,Gaze,bgaze16@xinhuanet.com,Male,19.123.3.197
44,Garrett,Ward,gward17@oaic.gov.au,Male,24.47.179.105
45,Norris,Fewster,nfewster18@alexa.com,Male,42.63.234.29
46,Letti,Greiswood,lgreiswood19@nyu.edu,Female,188.76.205.191
47,Lelia,Lerven,llerven1a@oaic.gov.au,Female,79.196.131.252
48,Terry,Dregan,tdregan1b@pinterest.com,Female,196.199.166.33
49,Marti,Cramond,mcramond1c@nature.com,Female,77.144.150.114
50,Patti,Dowers,pdowers1d@census.gov,Female,144.105.0.235
51,Lannie,Mattielli,lmattielli1e@ycombinator.com,Male,67.110.164.174
52,Pennie,Aldin,paldin1f@amazon.co.jp,Male,79.234.104.92
53,Arvin,Laxen,alaxen1g@webs.com,Male,177.46.151.232
54,Roddy,Vaughan,rvaughan1h@businesswire.com,Male,35.92.122.48
55,Melanie,Hawksley,mhawksley1i@zdnet.com,Female,77.252.175.225
56,Grete,Nozzolii,gnozzolii1j@comcast.net,Female,83.108.92.16
57,Kathrine,Bridgen,kbridgen1k@indiegogo.com,Female,45.34.17.95
58,Donovan,Skillitt,dskillitt1l@admin.ch,Male,121.56.133.81
59,Fifine,Devey,fdevey1m@a8.net,Female,21.163.44.79
60,Tove,Brito,tbrito1n@symantec.com,Female,176.126.143.10
61,Neille,Cossans,ncossans1o@360.cn,Female,48.10.159.84
62,Rita,Torfin,rtorfin1p@hibu.com,Female,237.100.164.118
63,Hersh,Lelliott,hlelliott1q@last.fm,Male,57.211.85.201
64,Katlin,Dalwood,kdalwood1r@jalbum.net,Female,114.107.48.206
65,Dallon,Veare,dveare1s@soup.io,Male,200.216.255.53
66,Rebeca,McClenan,rmcclenan1t@buzzfeed.com,Female,45.112.202.179
67,Teresita,Sutor,tsutor1u@adobe.com,Female,27.204.174.37
68,Corney,Berge,cberge1v@addtoany.com,Male,2.141.53.43
69,Ebonee,Vecard,evecard1w@fotki.com,Female,228.45.223.119
70,Lyndel,Wason,lwason1x@narod.ru,Female,138.131.158.7
71,Abe,Castello,acastello1y@msu.edu,Male,82.251.60.74
72,Roshelle,Wildber,rwildber1z@themeforest.net,Female,176.57.145.225
73,Zollie,Titmuss,ztitmuss20@wisc.edu,Male,215.227.174.67
74,Piggy,Goodenough,pgoodenough21@google.ca,Male,216.113.209.67
75,Flint,Noor,fnoor22@sogou.com,Male,159.57.30.207
76,Aaren,Szymczyk,aszymczyk23@bbc.co.uk,Female,221.114.253.170
77,Lammond,Slayford,lslayford24@biglobe.ne.jp,Male,64.173.155.115
78,Michal,Oddy,moddy25@discuz.net,Female,132.93.218.21
79,Keri,Fake,kfake26@ihg.com,Female,194.69.111.141
80,Lazare,Swabey,lswabey27@theatlantic.com,Male,19.169.56.46
81,Gloriana,Whytock,gwhytock28@istockphoto.com,Female,80.1.184.244
82,Karna,Henriquet,khenriquet29@admin.ch,Female,173.91.25.240
83,Samuele,Hellen,shellen2a@google.co.jp,Male,102.28.253.40
84,Whit,Lethley,wlethley2b@biblegateway.com,Male,105.18.241.9
85,Portie,Brambill,pbrambill2c@symantec.com,Male,213.228.23.237
86,Keelby,Ridel,kridel2d@home.pl,Male,136.39.8.90
87,Leonie,Ainley,lainley2e@time.com,Female,13.139.162.199
88,Errol,Novakovic,enovakovic2f@skype.com,Male,96.234.169.54
89,Flemming,Marcussen,fmarcussen2g@archive.org,Male,48.242.220.185
90,Marwin,Gallagher,mgallagher2h@gmpg.org,Male,135.229.30.173
91,Frederik,Sewall,fsewall2i@theatlantic.com,Male,231.178.154.190
92,Midge,Pretsell,mpretsell2j@lulu.com,Female,140.197.9.184
93,Abigael,Caldera,acaldera2k@irs.gov,Female,60.36.155.153
94,Glenine,Tompkinson,gtompkinson2l@opensource.org,Female,139.75.48.136
95,Catie,Terbeck,cterbeck2m@chronoengine.com,Female,33.94.253.33
96,Leonanie,Romera,lromera2n@bloglines.com,Female,190.255.235.112
97,Sisile,Coveney,scoveney2o@twitpic.com,Female,223.14.12.210
98,Mace,Lawrey,mlawrey2p@home.pl,Male,188.221.179.126
99,Erick,Satterthwaite,esatterthwaite2q@wisc.edu,Male,225.150.168.94
100,Ted,Crathern,tcrathern2r@nifty.com,Female,21.46.134.133
